{"cameraMode":{"drawMode":0,"name":"Shaded","section":"Shading Mode"},"sceneLighting":true,"audioPlay":false,"sceneViewState":{"showFog":true,"showMaterialUpdate":false,"showSkybox":true,"showFlares":true,"showImageEffects":true,"showParticleSystems":true},"in2DMode":false,"pivot":{"x":0.000011444091796875,"y":-0.9214973449707031,"z":-0.0000152587890625},"rotation":{"x":0.41535335779190066,"y":0.11438863724470139,"z":-0.05273914337158203,"w":0.9008983373641968},"size":20.088308334350587,"orthographic":false}